symbol,n,min_diff,mean_t_stat_adj,worst_t_stat_adj,best_t_stat_adj,mean_mae,min_n_eff,subperiod_sign_agreement
BTC-USDT-SWAP,10,0.025,0.2721954250882833,-0.35672637043466326,0.9343556873338228,0.025685019939172795,597,0.7045454545454546
BTC-USDT-SWAP,25,0.01,-0.0013490476207242317,-0.3778843679077376,0.9490958954808736,0.01953519487943617,750,0.6136363636363636
BTC-USDT-SWAP,7,0.025,0.11496535667986095,-0.38939171447609633,0.8289221391061068,0.026620482632956303,598,0.6818181818181818
BTC-USDT-SWAP,25,0.0125,0.015473594475510322,-0.44808552147071795,1.4425261474759408,0.020214176184324115,732,0.6590909090909091
BTC-USDT-SWAP,8,0.025,0.17718498945794733,-0.46140955029167213,1.2509378395347743,0.02630093760715718,597,0.75
BTC-USDT-SWAP,25,0.0075,-0.11708409972956303,-0.49040827156564165,0.3657102639896191,0.018734611475598385,774,0.6590909090909091
BTC-USDT-SWAP,2,0.04,0.15137589983785715,-0.5066988361809591,2.0804216912867557,0.031189883122593923,440,0.6818181818181818
BTC-USDT-SWAP,7,0.03,0.023274412425336934,-0.5135016292771081,0.6386232565292347,0.02750637676509652,535,0.6818181818181818
BTC-USDT-SWAP,12,0.025,-0.007313467348820665,-0.5432502863872116,0.7498553357024965,0.025459693980331374,598,0.75
BTC-USDT-SWAP,25,0.005,0.00023705035457741383,-0.558997295843282,0.7744660727796367,0.01794311068495917,792,0.6818181818181818
BTC-USDT-SWAP,25,0.015,0.02542907785195304,-0.5615697195212856,0.39643756151671294,0.020830780392078505,698,0.7045454545454546
BTC-USDT-SWAP,8,0.04,0.09944001648122702,-0.561653828920509,2.352518226161163,0.028082257897114382,440,0.7272727272727273
BTC-USDT-SWAP,2,0.025,-0.037151498637684216,-0.5743388720802962,0.5734793415883924,0.029741351299187556,602,0.6363636363636364
BTC-USDT-SWAP,8,0.03,-0.0517322785634399,-0.632141593765722,0.587540551371815,0.027356831624822834,534,0.6590909090909091
BTC-USDT-SWAP,3,0.025,-0.07315431141523768,-0.6913992684928741,0.6306216171520717,0.029041498627556582,600,0.6818181818181818
BTC-USDT-SWAP,2,0.0125,-0.23618294162758827,-0.7248386719623346,0.03434879515777098,0.026658894205591675,744,0.7272727272727273
BTC-USDT-SWAP,7,0.04,0.003907475592015499,-0.729154678328727,2.1062683222616325,0.02839942655947055,439,0.7727272727272727
BTC-USDT-SWAP,2,0.015,-0.20593054688713452,-0.763904805957764,0.1212171179958893,0.027560772457184714,709,0.7727272727272727
BTC-USDT-SWAP,10,0.04,-0.07646132231243992,-0.7754615122363887,1.734869781737232,0.028136621295081102,440,0.7045454545454546
BTC-USDT-SWAP,10,0.03,-0.13770497229811055,-0.7826792360715427,0.49323085887158186,0.02717727795871565,535,0.75
BTC-USDT-SWAP,6,0.025,-0.319450104532883,-0.7870238691770561,0.1484589765460346,0.02744554102661462,601,0.6818181818181818
BTC-USDT-SWAP,5,0.04,-0.06921672215074387,-0.8066399294123934,2.276697386426519,0.029079897109536935,440,0.75
BTC-USDT-SWAP,3,0.04,0.012802439944690951,-0.8091904915127479,1.9554168193716013,0.030349479621498036,440,0.7954545454545454
BTC-USDT-SWAP,8,0.005,-0.16997833748728755,-0.8152618927054062,0.026058097722993934,0.019572815654858102,807,0.6590909090909091
BTC-USDT-SWAP,5,0.03,-0.27675161610932003,-0.8155829991615559,0.41905891319347305,0.028844578761597097,535,0.6363636363636364
BTC-USDT-SWAP,10,0.0075,-0.22658036492066766,-0.8246597108026528,0.07878755660298441,0.020507184746485278,791,0.7954545454545454
BTC-USDT-SWAP,2,0.03,0.002902804976054017,-0.8480077682358306,0.4314921902950685,0.03050113775147898,537,0.6590909090909091
BTC-USDT-SWAP,2,0.05,-0.2774668281630822,-0.85340470192519,1.015664796810956,0.032166559895335685,365,0.6590909090909091
BTC-USDT-SWAP,2,0.01,-0.19835747189316894,-0.8552607046559491,0.06263579509072191,0.02558352309661135,769,0.8181818181818182
BTC-USDT-SWAP,3,0.03,-0.08672637245885485,-0.8677639339152715,0.3853491330036244,0.029810928104077296,535,0.6363636363636364
BTC-USDT-SWAP,4,0.025,-0.3136329795519364,-0.9030663420404578,0.4101901179713451,0.028556366141114623,600,0.6818181818181818
BTC-USDT-SWAP,12,0.02,-0.35159392876076334,-0.9195692093519157,0.21541963688813384,0.02442445175928963,651,0.7272727272727273
BTC-USDT-SWAP,6,0.04,-0.17977868154432242,-0.9234840418019751,1.7613689581156806,0.02881348175489936,439,0.6590909090909091
BTC-USDT-SWAP,12,0.03,-0.35410949171186235,-0.9365422110831667,0.3645436171437116,0.026862013922344576,535,0.6590909090909091
BTC-USDT-SWAP,10,0.005,-0.13424914221032394,-0.9571153829136276,0.10066432995543674,0.019231108150305605,806,0.6363636363636364
BTC-USDT-SWAP,15,0.025,-0.4187571823923219,-0.970808822540265,0.10659076601080043,0.025087880242694784,598,0.6818181818181818
BTC-USDT-SWAP,3,0.015,-0.32223836473688455,-0.9810612265239503,0.07247954208152856,0.02670097591379004,709,0.7272727272727273
BTC-USDT-SWAP,7,0.0075,-0.29643102382559516,-1.0006726911261206,-0.003621436541741718,0.02123665841452683,791,0.8181818181818182
BTC-USDT-SWAP,3,0.05,-0.4521604815962949,-1.0007356831343577,0.8246278622092048,0.03217370158839012,365,0.7272727272727273
BTC-USDT-SWAP,2,0.005,-0.20949706610752514,-1.0010985996382469,-0.009511674233468213,0.022347869985669264,815,0.8409090909090909
BTC-USDT-SWAP,4,0.03,-0.38495274559813253,-1.0203462220980688,0.33474368912834146,0.029528559009219964,535,0.75
BTC-USDT-SWAP,4,0.04,-0.24440701934168152,-1.0265720476491393,1.385411918514764,0.030144159145953,440,0.6590909090909091
BTC-USDT-SWAP,10,0.01,-0.21790131405248073,-1.0406953351180537,0.07963827922775693,0.02159069152525867,766,0.6818181818181818
BTC-USDT-SWAP,7,0.01,-0.21610756103006265,-1.0478157599870284,0.09350294925678447,0.022405487055041223,765,0.6363636363636364
BTC-USDT-SWAP,3,0.02,-0.4861407178162466,-1.049639716553798,0.028345856396149754,0.027990976516003244,656,0.75
BTC-USDT-SWAP,6,0.03,-0.3009207638463285,-1.0497185767887223,0.4450926112017459,0.02836061199127181,535,0.7045454545454546
BTC-USDT-SWAP,3,0.0125,-0.36882870351073915,-1.0678721976199423,-0.009639344681407628,0.0258397960116553,743,0.7954545454545454
BTC-USDT-SWAP,25,0.02,-0.3545962949209399,-1.0693680839093145,0.21688075646858718,0.022394101781752943,643,0.7727272727272727
BTC-USDT-SWAP,2,0.02,-0.45531882804508717,-1.0865764770221131,0.06582116324753369,0.028680362246318623,656,0.7954545454545454
BTC-USDT-SWAP,25,0.05,-0.7063556575329315,-1.0943009615111519,-0.3194630008396526,0.02751042018351747,362,0.7045454545454546
BTC-USDT-SWAP,25,0.03,-0.42846476251711335,-1.1125314418654764,0.33409237756326204,0.02469916823341419,529,0.6590909090909091
BTC-USDT-SWAP,8,0.0075,-0.350404752816339,-1.1169601647106473,0.006640337383675719,0.020911289856126513,792,0.7954545454545454
BTC-USDT-SWAP,25,0.025,-0.1607732566429353,-1.1524860597989517,0.48686689313644693,0.023549455945388768,598,0.5454545454545454
BTC-USDT-SWAP,12,0.04,-0.5417710818128985,-1.1781245186633087,0.5000682602373293,0.028352954801959096,440,0.7272727272727273
BTC-USDT-SWAP,20,0.02,-0.40208275589762255,-1.1820831625499946,0.19348231238517924,0.023262674902594836,646,0.75
BTC-USDT-SWAP,8,0.02,-0.49377778226582286,-1.193528307119493,0.14951192479857214,0.02556502084237604,655,0.7727272727272727
BTC-USDT-SWAP,5,0.025,-0.4209593815128521,-1.228614017579966,0.11252795060810067,0.028062669127256433,600,0.7727272727272727
BTC-USDT-SWAP,7,0.005,-0.3113664353106325,-1.2298646981811976,3.0126583018842465e-05,0.019893175838114317,812,0.7045454545454546
BTC-USDT-SWAP,10,0.015,-0.25388056628972855,-1.2672001009472844,0.23694294360923462,0.02355573907961833,707,0.75
BTC-USDT-SWAP,20,0.025,-0.2870876416189342,-1.2722554177566083,0.17747740974269277,0.024246006809458345,600,0.6590909090909091
BTC-USDT-SWAP,20,0.005,-0.35638654879484033,-1.2837126163344517,0.07173298369026582,0.018272701409862077,797,0.6136363636363636
BTC-USDT-SWAP,7,0.02,-0.5610913637050999,-1.2880000959018678,0.10917177112255007,0.025931857401156597,655,0.7727272727272727
BTC-USDT-SWAP,8,0.01,-0.2373556449507664,-1.2930912575418108,0.08997840504377726,0.022077696264613967,765,0.6590909090909091
BTC-USDT-SWAP,20,0.0075,-0.32538557797709816,-1.29776142464869,0.12030513148898088,0.019203889711802122,781,0.6136363636363636
BTC-USDT-SWAP,10,0.02,-0.42085888245016184,-1.318897799990728,0.188127190715243,0.02501594186209364,653,0.7727272727272727
BTC-USDT-SWAP,20,0.0125,-0.2667614422686363,-1.352482553099966,0.21002334771196277,0.020839391144362347,729,0.6818181818181818
BTC-USDT-SWAP,20,0.01,-0.19313417412424586,-1.3602742867176405,0.1715917788540564,0.020003118346167695,758,0.6136363636363636
BTC-USDT-SWAP,15,0.04,-0.8055613904423862,-1.3819821907387777,-0.0324195500225451,0.027846889945606714,440,0.7045454545454546
BTC-USDT-SWAP,2,0.0075,-0.32477348017624075,-1.3980544618826505,-0.026964407079599857,0.024256806839370083,798,0.9545454545454546
BTC-USDT-SWAP,12,0.015,-0.27693360561720753,-1.4203301363614886,0.2439070353350845,0.022951256233394238,704,0.7272727272727273
BTC-USDT-SWAP,7,0.0125,-0.35904864102026274,-1.4677926955394232,0.09701138742725719,0.023467543571296653,740,0.7272727272727273
BTC-USDT-SWAP,10,0.05,-0.6361731758800576,-1.4814146226750127,0.3991702963394985,0.030630694031903136,364,0.7045454545454546
BTC-USDT-SWAP,10,0.0125,-0.388788475898115,-1.530488086020901,0.151649766586798,0.022592769323455678,737,0.7727272727272727
BTC-USDT-SWAP,7,0.015,-0.375569867136195,-1.5449179413271719,0.1604519272395575,0.024325624155766425,707,0.7727272727272727
BTC-USDT-SWAP,7,0.05,-0.6057111196182218,-1.5571168432947786,0.6523187602923797,0.030791775207517115,365,0.6818181818181818
BTC-USDT-SWAP,3,0.01,-0.4484134188374631,-1.5578971479043884,-0.03116798060001794,0.024787153157052984,768,0.8636363636363636
BTC-USDT-SWAP,20,0.04,-0.8214288261003211,-1.5873343043534816,-0.02372448281041637,0.026677247830964815,440,0.75
BTC-USDT-SWAP,25,0.04,-0.6629978992547797,-1.6155980421527516,0.6161878890105131,0.02588522544528169,440,0.8181818181818182
BTC-USDT-SWAP,20,0.015,-0.2865276140587627,-1.6682545718343613,0.2752955668651929,0.021538713384766647,703,0.75
BTC-USDT-SWAP,4,0.05,-0.7464380321957846,-1.6742643516754165,0.03959832345313905,0.03215322236062054,365,0.6590909090909091
BTC-USDT-SWAP,12,0.005,-0.4513550096261708,-1.7229957163401717,0.016301260532785113,0.01904617229677512,805,0.7954545454545454
BTC-USDT-SWAP,8,0.05,-0.5593707616985415,-1.7381579214783969,0.9126144907556957,0.030667832212240776,365,0.6818181818181818
BTC-USDT-SWAP,4,0.015,-0.5221903212029259,-1.7666697820338502,0.077175302823855,0.025999071184992287,708,0.75
BTC-USDT-SWAP,15,0.03,-0.6894475197773543,-1.774745613139619,0.1568643134330209,0.026264596998090473,534,0.75
BTC-USDT-SWAP,8,0.015,-0.4505095380776795,-1.7782588886836024,0.15818186066514558,0.024042924472551106,709,0.8863636363636364
BTC-USDT-SWAP,8,0.0125,-0.45839952060470046,-1.7907096493548331,0.0899092377300429,0.023139235959259975,738,0.7727272727272727
BTC-USDT-SWAP,20,0.03,-0.749425286639183,-1.8000229670094454,0.1313537400993196,0.02562685818284445,534,0.7727272727272727
BTC-USDT-SWAP,5,0.05,-0.7969586518396711,-1.8338974076166719,0.4025857112371787,0.0317544434394409,365,0.75
BTC-USDT-SWAP,15,0.015,-0.42939479877796854,-1.8548533081447252,0.20827002298994246,0.02214321630051218,702,0.8636363636363636
BTC-USDT-SWAP,6,0.05,-0.8129339292622052,-1.9296287794987803,0.15176052291970582,0.03137859616355045,365,0.7727272727272727
BTC-USDT-SWAP,15,0.01,-0.40590159816879684,-1.9329426052121415,0.04057265756001172,0.020709898812371046,762,0.7727272727272727
BTC-USDT-SWAP,6,0.01,-0.5739458872722119,-1.935573887259144,-0.008600694777940994,0.02300310187035765,765,0.75
BTC-USDT-SWAP,4,0.0125,-0.6076538050795123,-1.936096432882041,-0.017548287385989254,0.025148419863691204,743,0.8863636363636364
BTC-USDT-SWAP,5,0.0125,-0.5805605910177954,-1.9554871909029974,-0.0038563133939628555,0.024489908646459946,743,0.7954545454545454
BTC-USDT-SWAP,20,0.05,-1.0167330305400324,-1.9639144533605466,-0.2425410116774639,0.02841004842317648,362,0.7045454545454546
BTC-USDT-SWAP,15,0.02,-0.6745762635069384,-2.0070852346349093,0.10219534532149267,0.023991336539112472,648,0.8409090909090909
BTC-USDT-SWAP,6,0.0125,-0.6306193753832541,-2.0433965285450912,-0.013981220642221893,0.024095374954095708,742,0.7727272727272727
BTC-USDT-SWAP,12,0.0075,-0.46975811197442263,-2.075860031422654,0.04734329734059185,0.02022320056681329,790,0.8409090909090909
BTC-USDT-SWAP,15,0.0125,-0.4905034669743829,-2.0828867365593835,0.09576174200948756,0.02150449116965969,735,0.8636363636363636
BTC-USDT-SWAP,12,0.0125,-0.4889136156681753,-2.1176195833928495,0.14081413636275994,0.022191973915439468,736,0.7045454545454546
BTC-USDT-SWAP,4,0.02,-0.8419939253380933,-2.1229721460441464,-0.03528287093916631,0.027409925812942906,655,0.8409090909090909
BTC-USDT-SWAP,5,0.015,-0.6284316602516642,-2.182379588363709,0.0386513769667651,0.02545521955672381,707,0.7954545454545454
BTC-USDT-SWAP,12,0.01,-0.4520839684521381,-2.1960949316758818,0.03169541402120466,0.02126372750154543,764,0.6590909090909091
BTC-USDT-SWAP,12,0.05,-1.0722711385063326,-2.231972093431596,-0.3094944847336558,0.03101290682023352,364,0.6818181818181818
BTC-USDT-SWAP,3,0.005,-0.5327767262065367,-2.2494833183663547,-0.05180511971647023,0.021602326767324067,815,0.8863636363636364
BTC-USDT-SWAP,3,0.0075,-0.5717517527360958,-2.269190777173626,-0.08072300742816878,0.023417722609379767,797,0.9545454545454546
BTC-USDT-SWAP,6,0.005,-0.5643913577157372,-2.2853771057457006,-0.04817664108531261,0.02027624893619605,813,0.6818181818181818
BTC-USDT-SWAP,5,0.01,-0.6460819978546344,-2.30395361463131,0.005631066653877809,0.023481139606316256,767,0.7045454545454546
BTC-USDT-SWAP,15,0.0075,-0.48012388708975745,-2.4640088045155597,0.0622253823590921,0.019777268177057848,788,0.75
BTC-USDT-SWAP,4,0.005,-0.6673151297176468,-2.47895028050918,-0.05943449067492505,0.02113202433414746,814,0.8636363636363636
BTC-USDT-SWAP,15,0.005,-0.4880878829864869,-2.535023512039512,0.05784052148698205,0.018653763827669322,802,0.6818181818181818
BTC-USDT-SWAP,4,0.01,-0.7151048064606376,-2.5507511123856013,-0.045661945827081954,0.024164813604723567,769,0.8409090909090909
BTC-USDT-SWAP,5,0.02,-0.9279825860761034,-2.5954398588071057,-0.03282890612943874,0.02700422692008132,654,0.8636363636363636
BTC-USDT-SWAP,6,0.015,-0.7571912811448367,-2.6537651473509456,0.025761662729135215,0.02506401358481919,707,0.8409090909090909
BTC-USDT-SWAP,6,0.02,-1.000935283931183,-2.6843890883167534,-0.01853478301055746,0.0266539961686682,654,0.8636363636363636
BTC-USDT-SWAP,15,0.05,-1.3164304032342922,-2.6881298834974228,-0.5967367894059479,0.030539929712150613,363,0.7045454545454546
BTC-USDT-SWAP,6,0.0075,-0.760078868344936,-2.855491602858109,-0.08300379296072764,0.021804523430979515,793,0.9545454545454546
BTC-USDT-SWAP,5,0.005,-0.6714475118614377,-2.865456738189655,-0.055393089289506973,0.020667622075043492,814,0.8181818181818182
BTC-USDT-SWAP,4,0.0075,-0.7681857144325832,-2.9419438550257198,-0.09515572056672532,0.022844225563404732,797,0.8863636363636364
BTC-USDT-SWAP,5,0.0075,-0.7224070927838923,-2.948228155108525,-0.07138571824883855,0.022309047004868205,795,0.7954545454545454
ETH-USDT-SWAP,20,0.015,0.5348917356724773,0.07403960380299045,2.1474311840696205,0.025850434059878226,737,0.7727272727272727
ETH-USDT-SWAP,20,0.0125,0.5505695266550713,0.07185028585800685,1.8830409246633115,0.025155490781787606,756,0.8409090909090909
ETH-USDT-SWAP,12,0.01,0.3064294713278192,0.03580299989466076,0.6916476473384205,0.025516796339458303,783,0.6818181818181818
ETH-USDT-SWAP,25,0.0075,0.43189270610526925,0.02802769887426297,1.8769349053019033,0.02315273163560695,784,0.7272727272727273
ETH-USDT-SWAP,12,0.0125,0.30408444471233315,0.026942310694511418,1.0498008276709554,0.026604484521044483,765,0.6818181818181818
ETH-USDT-SWAP,12,0.015,0.32083193974077867,0.007988031038873146,1.068576630261498,0.027536740046436,739,0.5227272727272727
ETH-USDT-SWAP,20,0.01,0.46699528755082087,-0.01309661650571224,1.7265236369030301,0.024312495935385467,775,0.7954545454545454
ETH-USDT-SWAP,25,0.01,0.5430855564007406,-0.07116038372392852,2.2796307327047014,0.0238412621023027,769,0.7272727272727273
ETH-USDT-SWAP,25,0.005,0.267035002871148,-0.07118922180386611,1.4888939251226938,0.022441808383572574,792,0.6818181818181818
ETH-USDT-SWAP,20,0.02,0.6226043738145475,-0.07658829650834864,2.4290077129800074,0.027548458913450605,692,0.8181818181818182
ETH-USDT-SWAP,25,0.0125,0.57913098145049,-0.1186894607490012,2.388542949775158,0.02461161939419727,755,0.7727272727272727
ETH-USDT-SWAP,12,0.0075,0.10802737123471781,-0.16435244249989392,0.33004717975281006,0.02452862382901375,796,0.5454545454545454
ETH-USDT-SWAP,2,0.02,0.017190922307855103,-0.17350806186297424,0.28873817200005136,0.035352619214211886,702,0.6363636363636364
ETH-USDT-SWAP,7,0.02,0.0045360090483868515,-0.2222608427159718,0.46277890290004203,0.03127309539711007,700,0.6363636363636364
ETH-USDT-SWAP,10,0.02,0.08610309224253576,-0.2318000146048886,0.7586638737607416,0.03009158173760572,696,0.7045454545454546
ETH-USDT-SWAP,2,0.0125,0.07317236542331501,-0.24410081529315747,0.25292194219328273,0.03253026293070794,771,0.7727272727272727
ETH-USDT-SWAP,2,0.025,0.01995583714299426,-0.2598870982865011,0.37542711673306395,0.036667519542140474,657,0.6590909090909091
ETH-USDT-SWAP,12,0.02,0.2514568654064759,-0.26506230222128285,0.9201952530604545,0.029342726832446944,697,0.6363636363636364
ETH-USDT-SWAP,8,0.05,0.24818492396242228,-0.2843898049646357,1.7670781136243519,0.036480601439385224,447,0.6590909090909091
ETH-USDT-SWAP,10,0.05,0.298060119121402,-0.2846519767225424,2.371513668944578,0.0361168908577612,447,0.6363636363636364
ETH-USDT-SWAP,20,0.025,0.3341094762507451,-0.304560991999735,1.7240317504887717,0.029125235823449967,649,0.7045454545454546
ETH-USDT-SWAP,2,0.015,0.0669078594232751,-0.31757119808126627,0.3407970449180152,0.03353859538561536,748,0.6818181818181818
ETH-USDT-SWAP,25,0.015,0.35998479608872835,-0.3307923496977152,1.7302846680675852,0.025487896034085574,734,0.6590909090909091
ETH-USDT-SWAP,2,0.0075,-0.06460891628001399,-0.3495287840946143,0.04933189086038788,0.02938112597286964,806,0.5681818181818182
ETH-USDT-SWAP,7,0.025,-0.0029398777626329464,-0.35402950093169383,0.33451493746955197,0.03281187369617847,654,0.6363636363636364
ETH-USDT-SWAP,7,0.05,0.18798390136950138,-0.3717705699811204,1.5026113269706431,0.036899335625243314,447,0.6590909090909091
ETH-USDT-SWAP,7,0.005,0.10505587540065799,-0.3720865489351501,0.9137573374210349,0.02424056084955495,813,0.6590909090909091
ETH-USDT-SWAP,2,0.01,-0.0005624327074369589,-0.3893353773775368,0.17613547442424898,0.031096809498612866,791,0.6818181818181818
ETH-USDT-SWAP,7,0.015,0.01891511843799365,-0.39961687639723714,0.4997373684126393,0.029436467727311923,743,0.6136363636363636
ETH-USDT-SWAP,10,0.0125,0.05548400371405395,-0.4045294455758747,0.7034950450657936,0.02736493396300683,766,0.6363636363636364
ETH-USDT-SWAP,6,0.05,0.18990335916942785,-0.4301570479234499,1.6810743682087776,0.03721025397279984,447,0.6818181818181818
ETH-USDT-SWAP,12,0.025,0.1511016904873061,-0.4353682185876975,0.6602634319280861,0.0308710608333136,655,0.6818181818181818
ETH-USDT-SWAP,7,0.04,0.23881636366676506,-0.44882725521405115,1.2421096368017013,0.03580646409641954,521,0.6363636363636364
ETH-USDT-SWAP,2,0.005,-0.11105284251307954,-0.45380097477393155,0.005566507206533397,0.02704966241708654,819,0.6136363636363636
ETH-USDT-SWAP,8,0.04,0.269894607550645,-0.464993933406633,1.351725487167352,0.035256196884327615,521,0.7272727272727273
ETH-USDT-SWAP,7,0.0075,0.04100855438348284,-0.4670766112111232,0.2876131187874528,0.025830493704940102,800,0.7045454545454546
ETH-USDT-SWAP,8,0.015,-0.057464160394667,-0.47463800007529416,0.4263114847191418,0.028986109672410363,742,0.5681818181818182
ETH-USDT-SWAP,8,0.025,-0.12276642093481666,-0.47791706159563874,0.32591044168534256,0.03244614025936455,653,0.5681818181818182
ETH-USDT-SWAP,5,0.05,0.20266798558577562,-0.48934154021440973,1.7914314338800283,0.037574632437907304,447,0.6590909090909091
ETH-USDT-SWAP,10,0.015,-0.01697074178692181,-0.4904382613770644,0.5498220832548796,0.028283799290209657,742,0.6136363636363636
ETH-USDT-SWAP,10,0.005,-0.021344401775599573,-0.49251272120929496,0.11086312069382702,0.023713860113094166,810,0.7045454545454546
ETH-USDT-SWAP,10,0.01,0.042361742820146,-0.5061740864393637,0.4854420773904447,0.026162693187796182,785,0.7045454545454546
ETH-USDT-SWAP,2,0.05,0.3145756244274747,-0.5269872840544545,1.6324310747743576,0.039469116040922625,447,0.6136363636363636
ETH-USDT-SWAP,2,0.04,0.14765180524987628,-0.5313999844737844,1.258111636442038,0.03948918727951198,522,0.5909090909090909
ETH-USDT-SWAP,2,0.03,-0.14491225896718168,-0.5525703520020259,0.3054257748163416,0.03810320607777282,610,0.7045454545454546
ETH-USDT-SWAP,7,0.01,0.12420377698772923,-0.5646249909386973,0.5707338384135224,0.02713665706115218,787,0.7045454545454546
ETH-USDT-SWAP,10,0.025,-0.07531065680519246,-0.5726492363203163,0.29648039140022303,0.031617536435482256,653,0.6363636363636364
ETH-USDT-SWAP,7,0.03,0.0052103203015183,-0.5854918952902689,0.5469637434831147,0.03385034361241058,608,0.6363636363636364
ETH-USDT-SWAP,10,0.0075,-0.07623738644463782,-0.5872021170433814,0.19779390365533192,0.025006960181412474,799,0.6818181818181818
ETH-USDT-SWAP,7,0.0125,0.05129792974315199,-0.6076777397612176,0.4339413951863015,0.02836630823904268,767,0.6136363636363636
ETH-USDT-SWAP,20,0.0075,0.16417327093895343,-0.6270754515444985,0.7509301041081269,0.023512414489323206,791,0.7954545454545454
ETH-USDT-SWAP,4,0.04,-0.016917259500257506,-0.6374766365008488,0.6313484183123296,0.03786855551819695,521,0.6590909090909091
ETH-USDT-SWAP,3,0.025,-0.162221624705,-0.6410227750510343,0.23365726239904486,0.036076645452116446,655,0.75
ETH-USDT-SWAP,3,0.04,0.14336426445940142,-0.641752446820514,1.0451537423339905,0.03850421825797293,522,0.6363636363636364
ETH-USDT-SWAP,10,0.04,0.21633731370738432,-0.6537898070164995,1.4080799378830746,0.034859745135199606,521,0.75
ETH-USDT-SWAP,8,0.03,-0.13420959437771665,-0.668104753393969,0.21153257608436687,0.03362451729772301,608,0.6590909090909091
ETH-USDT-SWAP,3,0.05,0.18870489309014002,-0.6735110139002876,1.5741074756302347,0.03869279525479705,447,0.5909090909090909
ETH-USDT-SWAP,6,0.04,-0.013619809420028812,-0.6745265881719373,0.6295516913465767,0.03660500890852707,521,0.5909090909090909
ETH-USDT-SWAP,12,0.005,-0.046328833956824196,-0.6781553937094404,0.10483348205515328,0.023368537205663488,808,0.5227272727272727
ETH-USDT-SWAP,20,0.04,0.17312525117139196,-0.6857242274566674,1.7332029912457199,0.03237861560112542,521,0.6363636363636364
ETH-USDT-SWAP,5,0.04,-0.011447256466442422,-0.688801988893037,0.611051478687191,0.0371220818448901,521,0.6590909090909091
ETH-USDT-SWAP,4,0.05,0.01128796685355254,-0.7114758470085681,1.0674120761407628,0.03850062733951307,447,0.6136363636363636
ETH-USDT-SWAP,10,0.03,0.015017160964739767,-0.717424454148877,1.0496294334983767,0.03281751774280399,608,0.7272727272727273
ETH-USDT-SWAP,3,0.03,-0.27797563131821057,-0.732672992259658,0.055140679468875416,0.03733546502143573,609,0.7727272727272727
ETH-USDT-SWAP,8,0.02,-0.22741280273335676,-0.7469747609317781,0.30373569232163966,0.03096907731777919,700,0.7045454545454546
ETH-USDT-SWAP,15,0.02,-0.04518059242429132,-0.759941053481614,0.3531661144914329,0.028768593325064675,695,0.6363636363636364
ETH-USDT-SWAP,3,0.02,-0.2613741252880772,-0.7604008865256783,0.15969250909263702,0.03457744157913878,702,0.7045454545454546
ETH-USDT-SWAP,25,0.02,-0.01624618155456465,-0.7689707486229853,0.9338328009243154,0.02733796572565234,690,0.6363636363636364
ETH-USDT-SWAP,8,0.0075,-0.13108267875275165,-0.7857943622675484,0.07651726377208698,0.025570099741327443,800,0.5681818181818182
ETH-USDT-SWAP,12,0.05,0.0090938494977909,-0.8143086984218804,1.7410261338213586,0.03605218763379126,446,0.5454545454545454
ETH-USDT-SWAP,8,0.0125,-0.04415310655519762,-0.8151474884733837,0.28391447958929605,0.028004160960407087,766,0.6363636363636364
ETH-USDT-SWAP,20,0.03,-0.07892818949095233,-0.8226783111898572,1.6698423920426906,0.030629086579444152,606,0.7272727272727273
ETH-USDT-SWAP,12,0.03,-0.19319590085726662,-0.8383620918156697,0.42197695224878007,0.03262549869897747,606,0.6818181818181818
ETH-USDT-SWAP,12,0.04,0.040254787831558066,-0.8495755295574884,1.0570466875592337,0.03426533146236522,518,0.6590909090909091
ETH-USDT-SWAP,25,0.05,-0.35320561901025116,-0.8565415290144925,0.35853481032139456,0.03343262080338404,446,0.6363636363636364
ETH-USDT-SWAP,25,0.025,-0.22445934787536653,-0.8662834231431372,0.8388105716394065,0.02888672526082957,648,0.6590909090909091
ETH-USDT-SWAP,8,0.005,-0.11648692718900447,-0.8967120667411626,0.0844792517502766,0.024065422731052086,812,0.5454545454545454
ETH-USDT-SWAP,8,0.01,-0.028305020617048825,-0.9233711289927542,0.29078670829130615,0.02673919933192637,787,0.6363636363636364
ETH-USDT-SWAP,20,0.05,-0.15921074581340888,-0.9327767602612456,0.6069601773707496,0.03424706252919177,447,0.6136363636363636
ETH-USDT-SWAP,15,0.025,-0.2987691232033706,-0.9687371921418075,0.16287733714598301,0.03049407985580729,654,0.6818181818181818
ETH-USDT-SWAP,3,0.0125,-0.1867461583280351,-0.9992468244256845,0.05939610444470134,0.03133898845361746,771,0.5454545454545454
ETH-USDT-SWAP,3,0.01,-0.21714702106495265,-1.0014799040304552,0.0446987384497331,0.029985957566584412,791,0.5681818181818182
ETH-USDT-SWAP,15,0.05,-0.49341806537161137,-1.004398094345199,-0.055780485315233656,0.03573916939405556,446,0.5
ETH-USDT-SWAP,6,0.025,-0.32715486027939533,-1.0533768500808365,0.12649333677734909,0.03381946172728403,654,0.7045454545454546
ETH-USDT-SWAP,6,0.0075,-0.23963807030512585,-1.06537904476375,0.04571815505932687,0.026360054643892353,802,0.6136363636363636
ETH-USDT-SWAP,6,0.005,-0.24877125325986896,-1.0783374082456456,0.020689409596307266,0.024680152511859697,814,0.6590909090909091
ETH-USDT-SWAP,15,0.015,-0.08576524368150125,-1.1446317656732674,0.42667237668395913,0.02699828716284168,736,0.5909090909090909
ETH-USDT-SWAP,5,0.025,-0.39483019766685384,-1.153799107611846,0.08824592032403064,0.0345486642370694,654,0.7045454545454546
ETH-USDT-SWAP,3,0.0075,-0.3188931893525541,-1.1627888228344907,-0.0029679589136169782,0.02836706153416192,806,0.7272727272727273
ETH-USDT-SWAP,15,0.0125,-0.04015825868807698,-1.1648668743269421,0.6243863111816571,0.026144267783684647,762,0.6363636363636364
ETH-USDT-SWAP,6,0.01,-0.21639803976879105,-1.2092708113461725,0.14363632767718076,0.027778711847626356,789,0.5681818181818182
ETH-USDT-SWAP,6,0.03,-0.4931710663571279,-1.2108921541603177,0.0444354415131297,0.03522452871924251,609,0.7954545454545454
ETH-USDT-SWAP,4,0.03,-0.46430250962025704,-1.2225467504978773,0.0017140483731339022,0.036520326007416073,609,0.8181818181818182
ETH-USDT-SWAP,3,0.005,-0.3393621418070707,-1.2247259460731907,-0.01747160707776713,0.02614925792442491,819,0.75
ETH-USDT-SWAP,5,0.03,-0.5386648579324912,-1.249904543002164,0.011395240809656815,0.035931885109636366,609,0.8181818181818182
ETH-USDT-SWAP,25,0.04,-0.4733082382834922,-1.2746409479762277,0.44439850056048863,0.032355964397877586,519,0.75
ETH-USDT-SWAP,4,0.005,-0.4087676059757018,-1.2829461773759534,-0.04385187357269277,0.025606753640615723,818,0.6590909090909091
ETH-USDT-SWAP,6,0.02,-0.3788015603100059,-1.3297021988419333,0.12291007050100475,0.032310892643988405,698,0.7045454545454546
ETH-USDT-SWAP,15,0.01,-0.19389333738129652,-1.3485908161469167,0.46375442072929723,0.025211762924484384,780,0.5681818181818182
ETH-USDT-SWAP,15,0.04,-0.46236631890469154,-1.3618826082008657,0.3127409782726218,0.03414029181203641,518,0.5227272727272727
ETH-USDT-SWAP,4,0.01,-0.3643033549250466,-1.420853876621938,0.03029036474062254,0.029088793145815185,791,0.6363636363636364
ETH-USDT-SWAP,3,0.015,-0.2124438373961983,-1.43094663620948,0.08878405561100926,0.032518149054152096,748,0.5681818181818182
ETH-USDT-SWAP,15,0.03,-0.6948839914075468,-1.4763548400709634,0.021370154535490533,0.03220345419251768,606,0.75
ETH-USDT-SWAP,25,0.03,-0.634148631294205,-1.5462599612302215,0.2396288398032667,0.030340078275541527,604,0.7727272727272727
ETH-USDT-SWAP,4,0.025,-0.3337347212264307,-1.5463522489739487,0.11031931453855168,0.03518604010709465,655,0.7272727272727273
ETH-USDT-SWAP,4,0.0075,-0.4262904597815871,-1.5823666889757237,-0.013324208549884618,0.027578527850876708,806,0.6818181818181818
ETH-USDT-SWAP,5,0.0075,-0.4325835524158677,-1.5873355324226435,-0.008370399509720534,0.026969590261804132,804,0.6136363636363636
ETH-USDT-SWAP,5,0.005,-0.4047244154518376,-1.5950084560254243,-0.025930155059607995,0.025124184883680553,817,0.7045454545454546
ETH-USDT-SWAP,5,0.02,-0.5385713927857687,-1.6615328797682238,0.11112695975354746,0.032920773735830466,700,0.6818181818181818
ETH-USDT-SWAP,5,0.01,-0.41799517007514647,-1.6735708236113087,-0.0006079747146214317,0.028367573074436672,789,0.5681818181818182
ETH-USDT-SWAP,4,0.0125,-0.3550315886191861,-1.680278927755451,0.0432295695373078,0.030447035537416314,770,0.5681818181818182
ETH-USDT-SWAP,20,0.005,-0.09490898457398365,-1.6896053335620003,0.3312067309475349,0.02268836530359393,797,0.5909090909090909
ETH-USDT-SWAP,6,0.015,-0.40979519850104873,-1.694757982296932,0.03583790995492447,0.030290207997353623,745,0.5681818181818182
ETH-USDT-SWAP,4,0.02,-0.4623654932401434,-1.789296486700628,0.13808612392914257,0.03379698862534877,701,0.7045454545454546
ETH-USDT-SWAP,6,0.0125,-0.36804172000168206,-1.8831684976034928,0.021457331269692098,0.02911718692447587,767,0.5454545454545454
ETH-USDT-SWAP,5,0.0125,-0.4547595520605057,-1.9848248500274925,0.00282182999071766,0.029730729327220085,767,0.5227272727272727
ETH-USDT-SWAP,4,0.015,-0.41330436118053,-2.002296698464931,0.05995403515566178,0.03159021351712138,747,0.6136363636363636
ETH-USDT-SWAP,5,0.015,-0.519655924152068,-2.132667414572295,-0.007089476987590573,0.03087241789454134,746,0.6363636363636364
ETH-USDT-SWAP,15,0.0075,-0.450107469201031,-2.3629315130307478,0.031196441657435937,0.024222221149269696,794,0.5909090909090909
ETH-USDT-SWAP,15,0.005,-0.596953991570964,-2.8306881535627424,-0.03731329430900073,0.023184235290760767,803,0.6818181818181818
SOL-USDT-SWAP,20,0.03,0.4884438554648845,0.04348925665874562,1.3251229096024815,0.041067762756457106,539,0.75
SOL-USDT-SWAP,7,0.015,0.1844159055042738,0.020731909295764107,0.5408890061849563,0.04042589751724804,606,0.6363636363636364
SOL-USDT-SWAP,10,0.0125,0.259292892203491,0.00835544318359109,0.9435859941314889,0.037801196708264116,611,0.6363636363636364
SOL-USDT-SWAP,7,0.0125,0.22328723309758727,0.007816430299370418,0.7029451066994841,0.03909918640426369,614,0.6590909090909091
SOL-USDT-SWAP,2,0.01,0.0585335210980698,0.0031456532049998808,0.16939861539397724,0.04269077115101781,623,0.4772727272727273
SOL-USDT-SWAP,2,0.0125,0.14693500103634347,-1.394031804455555e-05,0.5381390564879205,0.044897268016001364,615,0.6363636363636364
SOL-USDT-SWAP,10,0.01,0.22379734592492403,-0.0033267283953662464,0.9142473738712811,0.036631411023566846,617,0.6818181818181818
SOL-USDT-SWAP,10,0.015,0.19943857882186514,-0.0070954815578703305,0.6974379564394798,0.039097030776407075,602,0.5454545454545454
SOL-USDT-SWAP,6,0.025,0.09583631672927412,-0.010122870085336334,0.32005073745863144,0.04597892338341811,570,0.5681818181818182
SOL-USDT-SWAP,7,0.025,0.23327616152546107,-0.01429270343031577,0.6471704406715444,0.04504677968958431,567,0.5909090909090909
SOL-USDT-SWAP,10,0.02,0.14073232694877774,-0.028453842434997174,0.692684619155284,0.041617315504695454,588,0.6363636363636364
SOL-USDT-SWAP,7,0.01,0.26081197751612056,-0.036041320058323084,1.0825627583492228,0.03764858169416627,619,0.7727272727272727
SOL-USDT-SWAP,7,0.03,0.15418237795993048,-0.04420839030951271,0.4815215381924659,0.04669297153869423,543,0.6363636363636364
SOL-USDT-SWAP,10,0.025,0.1456086870889094,-0.04621805021388932,0.946865545040081,0.04325697166449751,567,0.5454545454545454
SOL-USDT-SWAP,10,0.0075,0.09656929672308104,-0.05013973886020912,0.8004917224298459,0.03538613058324463,621,0.5454545454545454
SOL-USDT-SWAP,10,0.005,0.13952023206868783,-0.053607284077737155,0.9723881042122902,0.03423343334333855,624,0.5909090909090909
SOL-USDT-SWAP,12,0.0125,0.12468728540048901,-0.05955216415347865,0.5765475222594437,0.03737240853096986,610,0.5681818181818182
SOL-USDT-SWAP,6,0.03,0.09928905955196804,-0.07817748493298537,0.31450610811259627,0.04759374158649661,545,0.5909090909090909
SOL-USDT-SWAP,2,0.02,0.018688525170338113,-0.0890961978644042,0.19863668138930868,0.05029052281544617,589,0.5909090909090909
SOL-USDT-SWAP,20,0.02,0.2764496496372678,-0.09288069023100795,0.999163349244077,0.038254334451066775,579,0.6136363636363636
SOL-USDT-SWAP,7,0.0075,0.1689094769659304,-0.10108160805093415,0.7704559407515198,0.03608341911840019,624,0.8181818181818182
SOL-USDT-SWAP,2,0.025,0.008281780732848746,-0.10583186812912748,0.1763859714936808,0.05246577989217644,570,0.5454545454545454
SOL-USDT-SWAP,20,0.0125,0.41774648387539776,-0.11425830465523655,1.4810042981835556,0.035724318160511866,601,0.6818181818181818
SOL-USDT-SWAP,8,0.0125,0.11814330561935957,-0.11830218786301668,0.46806582305756866,0.03868291318776378,612,0.7045454545454546
SOL-USDT-SWAP,25,0.05,0.4017245161748983,-0.13044795733258588,1.5450440047998972,0.045400909798329336,450,0.5681818181818182
SOL-USDT-SWAP,7,0.005,0.10396562466372665,-0.13835821471132462,0.5665434904198126,0.03466996532267929,628,0.5909090909090909
SOL-USDT-SWAP,7,0.02,0.20564213534411405,-0.15815945032816095,0.6692632602200985,0.04308469354426683,587,0.7045454545454546
SOL-USDT-SWAP,12,0.015,0.00016873760954450254,-0.1651361273594792,0.5131239148421233,0.03869617287508576,600,0.5909090909090909
SOL-USDT-SWAP,25,0.025,0.13198329989691707,-0.1733961665439922,1.2238500534747856,0.038955448941362006,555,0.5909090909090909
SOL-USDT-SWAP,15,0.0125,0.08672394091141726,-0.1799673200802861,0.37971537849247355,0.036646663403923745,606,0.5909090909090909
SOL-USDT-SWAP,20,0.015,0.3124163538137198,-0.19884115998068336,1.2647664865960198,0.03657785540514181,594,0.6363636363636364
SOL-USDT-SWAP,15,0.015,0.10142188584236883,-0.20071863649652844,0.4563741344670442,0.037689121879796554,599,0.6363636363636364
SOL-USDT-SWAP,20,0.025,0.12020547860443549,-0.2189045251912381,0.5350873336926711,0.039732763093211505,558,0.6136363636363636
SOL-USDT-SWAP,25,0.015,0.16120575174864674,-0.22493226997764226,0.9549873169004564,0.036197285879776095,591,0.5
SOL-USDT-SWAP,25,0.01,0.0827397165356397,-0.23732938547159035,0.7934808049812924,0.03471314714830888,602,0.5227272727272727
SOL-USDT-SWAP,2,0.015,-0.040820183145247886,-0.24966882189813677,0.054354341795054446,0.046835404716915226,607,0.6136363636363636
SOL-USDT-SWAP,20,0.01,0.21213574991707596,-0.2561919138763007,0.8684598973538791,0.03501847320860168,606,0.5909090909090909
SOL-USDT-SWAP,15,0.02,0.03566592359419258,-0.25640662580382356,0.40208140776849854,0.0395549804590829,582,0.6590909090909091
SOL-USDT-SWAP,10,0.05,0.12682594847164708,-0.26438459861114716,1.4428330794880304,0.05093508012583969,452,0.6590909090909091
SOL-USDT-SWAP,3,0.0125,0.011698300922259808,-0.2834145174586845,0.23757401777455978,0.04286549938500076,614,0.6136363636363636
SOL-USDT-SWAP,12,0.02,-0.03088278982952061,-0.28723995396410396,0.34061714997712367,0.040883648037005865,586,0.6590909090909091
SOL-USDT-SWAP,12,0.01,-0.042282977360216085,-0.292614404185086,0.4186529653395141,0.03627070769778933,615,0.6136363636363636
SOL-USDT-SWAP,8,0.01,0.13382608899931978,-0.29546513829651905,0.520365630493178,0.03733003911085259,619,0.7727272727272727
SOL-USDT-SWAP,3,0.01,-0.02854090592262184,-0.3047598407471398,0.15686967435537297,0.0408628425686421,622,0.6363636363636364
SOL-USDT-SWAP,8,0.025,-0.0023887825162514508,-0.30572970589327303,0.24516445412324459,0.04452793193952544,567,0.5454545454545454
SOL-USDT-SWAP,2,0.04,0.06353479949628262,-0.31637720228869154,0.6329448151435434,0.05764179226380413,503,0.6363636363636364
SOL-USDT-SWAP,25,0.02,0.2224802664386922,-0.3171304939986284,1.087649795425285,0.03739881271042925,577,0.5227272727272727
SOL-USDT-SWAP,2,0.05,-0.03382606388315929,-0.33264922093857124,0.1637165786867898,0.06114982017102422,453,0.5681818181818182
SOL-USDT-SWAP,8,0.015,0.0014854144145710904,-0.3416788519604454,0.2525599169483002,0.040107895089942364,604,0.7272727272727273
SOL-USDT-SWAP,10,0.03,0.004395002875377452,-0.35277892393901766,0.33743661410075554,0.0452499747876416,542,0.5454545454545454
SOL-USDT-SWAP,25,0.03,0.05145007407761854,-0.3544526199901831,0.5429782574406491,0.040558282482965675,538,0.5909090909090909
SOL-USDT-SWAP,20,0.0075,0.016314441166240735,-0.35466237120346783,0.3725021949855096,0.03430475981034571,610,0.5
SOL-USDT-SWAP,12,0.025,-0.05015747111270066,-0.356949899531125,0.27474367440149006,0.04257727835306957,566,0.6590909090909091
SOL-USDT-SWAP,2,0.03,-0.03639230983697874,-0.3739530505317204,0.1632697336863569,0.05448723259818673,546,0.5681818181818182
SOL-USDT-SWAP,8,0.005,-0.0602677265385432,-0.37605832141458684,0.03860719533529345,0.03458406593555567,626,0.6363636363636364
SOL-USDT-SWAP,3,0.05,-0.023081577200251505,-0.37939115285565533,0.3227091448051951,0.05864261685816246,453,0.5909090909090909
SOL-USDT-SWAP,3,0.03,-0.04945160592840198,-0.3824216551025408,0.08081220708650697,0.05206501449886307,545,0.6136363636363636
SOL-USDT-SWAP,3,0.02,-0.060477618912937174,-0.38444129439225094,0.08776543341451888,0.047913537986636195,589,0.5909090909090909
SOL-USDT-SWAP,3,0.04,-0.04015470366309992,-0.39438137947845486,0.23263798696653806,0.05552243437951342,503,0.5909090909090909
SOL-USDT-SWAP,12,0.05,-0.011984872946011877,-0.39608015205372227,0.9216308637280576,0.050103037317503124,451,0.5681818181818182
SOL-USDT-SWAP,20,0.05,0.029461847835980885,-0.3971010646846464,0.3432782459901188,0.04705197962021262,449,0.5227272727272727
SOL-USDT-SWAP,25,0.0125,0.046979082266747164,-0.4279023446799431,0.6975476120759975,0.03539784606507082,597,0.5
SOL-USDT-SWAP,4,0.05,0.007113068004502918,-0.43292527508174355,0.35833852733303967,0.056819158672216104,453,0.5681818181818182
SOL-USDT-SWAP,20,0.005,-0.02048861880339919,-0.4413973377046911,0.28182403757660685,0.03372039644118397,613,0.5
SOL-USDT-SWAP,5,0.05,0.028149158338042546,-0.4417436121481492,0.39355185473742405,0.05533129853504945,453,0.5681818181818182
SOL-USDT-SWAP,6,0.015,-0.009819778144439373,-0.44965888981468916,0.29618240075868557,0.04126214203667843,607,0.5681818181818182
SOL-USDT-SWAP,25,0.005,0.010179642222202164,-0.4504179343183957,0.5203777114198294,0.03352917780212692,609,0.5454545454545454
SOL-USDT-SWAP,5,0.03,-0.08924718317696212,-0.4566932661394698,0.03600847384426951,0.049018243435810516,545,0.6136363636363636
SOL-USDT-SWAP,8,0.0075,-0.043834172928716365,-0.4796131845637108,0.12908796507569306,0.03592708912491886,623,0.6818181818181818
SOL-USDT-SWAP,2,0.005,-0.07886325000251221,-0.49341074374913696,0.0051075063698255325,0.037289808046340384,633,0.6136363636363636
SOL-USDT-SWAP,25,0.0075,-0.0410074873840388,-0.5115847786240069,0.40893651049932894,0.03402240954831142,605,0.5454545454545454
SOL-USDT-SWAP,6,0.0125,0.060597704986566844,-0.5132720183396946,0.4524229498427585,0.03967884637342971,613,0.7045454545454546
SOL-USDT-SWAP,12,0.03,-0.09547544600774581,-0.5154842525443797,0.2000681418064748,0.044323553101397906,541,0.5909090909090909
SOL-USDT-SWAP,3,0.015,-0.05623167318496886,-0.5353287779272451,0.08172730915198075,0.04463027716588791,608,0.6136363636363636
SOL-USDT-SWAP,15,0.05,-0.1185720090695106,-0.5620692087338153,0.4183907454909371,0.048939950600682076,451,0.6590909090909091
SOL-USDT-SWAP,10,0.04,-0.0702535219428284,-0.5681941471118002,1.005427453539967,0.048510178897796984,503,0.6818181818181818
SOL-USDT-SWAP,3,0.025,-0.088993339036747,-0.5750918953112041,0.19489700986550015,0.05016442347246141,570,0.5681818181818182
SOL-USDT-SWAP,7,0.05,-0.10430667941692094,-0.5962137608422072,0.23916358653078956,0.05377679223789984,453,0.5909090909090909
SOL-USDT-SWAP,15,0.025,-0.10593134052885271,-0.5985875903198892,0.16584898648644233,0.04131110936927182,565,0.6363636363636364
SOL-USDT-SWAP,6,0.04,-0.13948570168687693,-0.6008887079731824,0.18949960880734013,0.05173411971916628,503,0.5227272727272727
SOL-USDT-SWAP,8,0.02,0.04189076632426281,-0.6086631271209083,0.38858444186262614,0.04266402461453731,587,0.6818181818181818
SOL-USDT-SWAP,12,0.0075,-0.13624286973887229,-0.6124523307769691,0.22746372138177903,0.03512378274976255,620,0.6590909090909091
SOL-USDT-SWAP,6,0.05,-0.03973554042601171,-0.6478969119365893,0.33888862292326044,0.05424848917899693,453,0.5227272727272727
SOL-USDT-SWAP,2,0.0075,-0.10499767346331414,-0.6694996708678805,0.018758452537765244,0.04014750782766588,629,0.6590909090909091
SOL-USDT-SWAP,6,0.02,-0.02153705162776078,-0.6765593412547967,0.2853631482990453,0.04394850047420578,588,0.6363636363636364
SOL-USDT-SWAP,5,0.0125,-0.12976252358010198,-0.6821974208242403,0.1938078701761859,0.040576859212820296,613,0.6136363636363636
SOL-USDT-SWAP,6,0.01,0.00414084617682236,-0.6909376927999233,0.294525185004685,0.038198057078309484,620,0.5909090909090909
SOL-USDT-SWAP,4,0.03,-0.12048890861415051,-0.6910595239037448,0.12053082975694404,0.05031398418423476,545,0.5909090909090909
SOL-USDT-SWAP,7,0.04,-0.19788865543473025,-0.7067312193701139,0.1572082596376589,0.05102315910439448,503,0.5909090909090909
SOL-USDT-SWAP,20,0.04,-0.17366979840027763,-0.7090570233427718,0.25489440499054195,0.04442909826119241,499,0.5
SOL-USDT-SWAP,15,0.01,-0.08102470106387698,-0.7275356134651766,0.0937932639662781,0.03577590797025635,612,0.6363636363636364
SOL-USDT-SWAP,12,0.04,-0.1635033313786748,-0.7415781663476928,0.8138953633754449,0.046983369792768556,503,0.6136363636363636
SOL-USDT-SWAP,12,0.005,-0.11823131867283565,-0.8037276054364516,0.13979229963269033,0.034122843910989374,623,0.6590909090909091
SOL-USDT-SWAP,4,0.04,-0.17497557748533368,-0.8133036752084842,0.08233937983542364,0.05410107378852993,503,0.5909090909090909
SOL-USDT-SWAP,3,0.005,-0.13339763415225261,-0.816052342351965,0.00600250400940837,0.036273955310393236,632,0.8409090909090909
SOL-USDT-SWAP,6,0.0075,-0.11836907664505975,-0.8472750211916557,0.016779109863474237,0.036583925995513585,626,0.5909090909090909
SOL-USDT-SWAP,8,0.03,-0.17307176393809412,-0.9001786883361195,0.03440788814141686,0.046566655541549366,543,0.7045454545454546
SOL-USDT-SWAP,3,0.0075,-0.14380768758527057,-0.9064963797834614,0.0075761225222100315,0.03865664526170427,628,0.8636363636363636
SOL-USDT-SWAP,4,0.0125,-0.09786754180461289,-0.9077293794937433,0.1854996593795422,0.04162732270357187,613,0.6818181818181818
SOL-USDT-SWAP,4,0.025,-0.1698606717937553,-0.9146368003848354,0.005367710167629265,0.04841299011819169,570,0.6818181818181818
SOL-USDT-SWAP,5,0.04,-0.24997862743004812,-0.9203905253885637,0.10867481250261415,0.053192705398772896,503,0.6363636363636364
SOL-USDT-SWAP,15,0.03,-0.13769998109150428,-0.9392719589796936,0.2996367560162971,0.042973864498576146,539,0.5909090909090909
SOL-USDT-SWAP,5,0.01,-0.19855813722718987,-0.9415041737436403,0.014977514340785142,0.038938893966869434,621,0.6136363636363636
SOL-USDT-SWAP,8,0.05,-0.2622510769051912,-1.0218925895847784,0.1282527527572344,0.05298194368105642,453,0.6818181818181818
SOL-USDT-SWAP,6,0.005,-0.16136350912315375,-1.0252243817279694,-0.0018772302702334159,0.034951150506901306,629,0.6590909090909091
SOL-USDT-SWAP,4,0.02,-0.2276054351395157,-1.052213104946912,0.019424672458741934,0.0462836624876404,589,0.6818181818181818
SOL-USDT-SWAP,4,0.01,-0.20301170413352662,-1.0707699934605397,0.008515871875274082,0.03973435738911973,622,0.7272727272727273
SOL-USDT-SWAP,5,0.005,-0.2982194557992084,-1.107499647903196,-0.01753502795594851,0.03524871447516397,630,0.7045454545454546
SOL-USDT-SWAP,15,0.04,-0.347446689813025,-1.113889230793717,0.1020901507890727,0.0462293874138243,504,0.6363636363636364
SOL-USDT-SWAP,5,0.025,-0.19520875272470917,-1.1147184781244355,0.05379409767256164,0.04726503682301015,570,0.7045454545454546
SOL-USDT-SWAP,25,0.04,-0.24214406313454925,-1.125741801735327,0.1333686075021348,0.04353841513280985,496,0.5909090909090909
SOL-USDT-SWAP,4,0.015,-0.18066822099857763,-1.1495774676106003,0.05575497875927916,0.043274159428790475,607,0.5909090909090909
SOL-USDT-SWAP,5,0.02,-0.30034909638233503,-1.1904012548877518,0.009587848966751349,0.04504504036940687,589,0.7272727272727273
SOL-USDT-SWAP,4,0.005,-0.2464121961521978,-1.2111672631531765,-0.01100944394904841,0.03570447613414671,631,0.75
SOL-USDT-SWAP,5,0.0075,-0.3245539054396341,-1.2825227777863268,-0.012793739907695152,0.03715572658598247,626,0.75
SOL-USDT-SWAP,4,0.0075,-0.2551142555174025,-1.3268801426280286,-0.004835638375725515,0.03780116327856772,627,0.7954545454545454
SOL-USDT-SWAP,5,0.015,-0.22978993799655878,-1.329186880212705,0.06968159733104286,0.04219753289712316,607,0.5681818181818182
SOL-USDT-SWAP,8,0.04,-0.4242847809107195,-1.3447712178415177,0.046448023141486786,0.050513271098439456,503,0.6590909090909091
SOL-USDT-SWAP,15,0.0075,-0.37508861171783714,-1.3666545630079607,-0.016236566662897366,0.03486065743865351,616,0.75
SOL-USDT-SWAP,15,0.005,-0.42762664601593464,-1.7422806922523497,-0.05369989093081448,0.03407070273429466,618,0.8181818181818182
